<?xml version="1.0" encoding="UTF-8"?>
<site>
  <description>Update-Site for SBuild Eclipse Plugin.</description>

  <feature
      url="features/de.tototec.sbuild.eclipse.plugin.feature_0.4.2.jar"
      id="de.tototec.sbuild.eclipse.plugin.feature"
      version="0.4.2">
    <category name="SBuild"/>
  </feature>

  <feature
      url="features/de.tototec.sbuild.eclipse.plugin.scala-library.feature_2.10.1.v20130302-092018-VFINAL-33e32179fd.jar"
      id="de.tototec.sbuild.eclipse.plugin.scala-library.feature"
      version="2.10.1.v20130302-092018-VFINAL-33e32179fd">
    <category name="Scala"/>
  </feature>

  <category-def name="SBuild" label="SBuild Eclipse Plugin" />
  <category-def name="Scala" label="Scala Runtime" />

</site>