<?xml version="1.0" encoding="UTF-8"?>
<site>
  <description>Update-Site for SBuild Eclipse Plugin.</description>

  <feature
      url="features/de.tototec.sbuild.eclipse.plugin.feature_0.3.0.jar"
      id="de.tototec.sbuild.eclipse.plugin.feature"
      version="0.3.0">
    <category name="SBuild"/>
  </feature>

  <feature
      url="features/de.tototec.sbuild.eclipse.plugin.scala-library.feature_2.10.0.v20121205-112020-18481cef9b.jar"
      id="de.tototec.sbuild.eclipse.plugin.scala-library.feature"
      version="2.10.0.v20121205-112020-18481cef9b">
    <category name="Scala"/>
  </feature>

  <category-def name="SBuild" label="SBuild Eclipse Plugin" />
  <category-def name="Scala" label="Scala Runtime" />

</site>